﻿<?xml version="1.0" encoding="utf-8"?>
<wmpi>
  <id>TCE_JUHAAS</id>
  <title>Juhaas's Essentials Mod Pack (GitHub)</title>
  <author>Juhaas</author>
  <version>0.0</version>
  <info>Nothing too fancy with relatively uncluttered interface. Custom hit and damage log composition, simplified player panels and XVM colors for those that don't give a rat's ass about all 50 shades of the WN8/WR rainbow.</info>
  <info-url>http://forum.wotlabs.net/index.php?/topic/19625-0912-</info-url>
  <pack-file>pack-update.wmpi</pack-file>
  <update-url type-code="github" direct="true">
    <link-data branch="master">https://github.com/juhaas/tank-commander-essentials</link-data>
  </update-url>
</wmpi>